filename,label
audio_128.wav,2.829981939677823
audio_156.wav,4.214111200311971
audio_19.wav,4.582813349551471
audio_108.wav,1.9960774330794426
audio_206.wav,1.9222767454055523
audio_161.wav,3.1864231243408803
audio_215.wav,2.998535003359625
audio_213.wav,2.1128885542902496
audio_11.wav,3.7566404341061324
audio_155.wav,3.1709205267165768
audio_39.wav,2.9704768894260107
audio_168.wav,3.041185444755953
audio_133.wav,1.947185572863279
audio_28.wav,2.760373788394449
audio_40.wav,3.092073269912818
audio_181.wav,2.41366142095946
audio_201.wav,2.638569629276004
audio_182.wav,3.3755446992864657
audio_126.wav,2.5184336461734813
audio_10.wav,2.4147000624967916
audio_134.wav,1.9241996452603514
audio_69.wav,4.884047818498281
audio_112.wav,3.7010257283027768
audio_180.wav,1.9725432020135054
audio_177.wav,2.951948771918739
audio_77.wav,5.0
audio_111.wav,3.05591836917104
audio_18.wav,4.0015963744625775
audio_175.wav,4.415111053920276
audio_33.wav,3.2307213960572065
audio_15.wav,2.7756680697053184
audio_4.wav,3.5211345405271577
audio_27.wav,2.728118499251722
audio_96.wav,3.6197467519874733
audio_116.wav,2.956447702294979
audio_1.wav,2.1287807250787125
audio_22.wav,3.746226096465443
audio_114.wav,2.2411796160417796
audio_146.wav,2.96189064300346
audio_46.wav,5.0
audio_144.wav,3.1554352431257415
audio_75.wav,4.974582238148812
audio_200.wav,3.061952429394556
audio_196.wav,2.277763716395492
audio_190.wav,3.4095436379701405
audio_158.wav,2.9228957337265196
audio_17.wav,2.2940756422559345
audio_105.wav,4.464994390324896
audio_141.wav,3.3855005422677276
audio_129.wav,3.648436909398897
audio_6.wav,3.5835640873780097
audio_70.wav,4.995608977024499
audio_35.wav,3.6624056171435604
audio_203.wav,3.496290515753338
audio_90.wav,3.724031954143661
audio_16.wav,3.4118048459923083
audio_138.wav,4.025544606623831
audio_100.wav,3.242227789825906
audio_115.wav,2.434151122971316
audio_118.wav,4.017121141449815
audio_137.wav,3.49649476850351
audio_101.wav,3.221101619159978
audio_193.wav,2.707072842117756
audio_102.wav,4.167856093781647
audio_52.wav,2.925624298776483
audio_172.wav,2.508926860753817
audio_191.wav,3.71639038112939
audio_194.wav,2.654245017640788
audio_67.wav,3.4174436961190198
audio_160.wav,2.6204629922248124
audio_179.wav,2.132282942481213
audio_55.wav,2.81016250609695
audio_145.wav,3.5248373523552257
audio_197.wav,3.112989102642876
audio_139.wav,3.053652496434406
audio_91.wav,3.633143582163031
audio_8.wav,1.573200002913204
audio_136.wav,3.261248103673753
audio_199.wav,2.542289182576765
audio_110.wav,3.9928878929794136
audio_208.wav,2.6906177173394115
audio_152.wav,4.452167422229205
audio_94.wav,3.0444113560507002
audio_174.wav,3.804662161111035
audio_23.wav,4.239095382447596
audio_56.wav,2.5210622084767635
audio_97.wav,3.1056680955996274
audio_148.wav,3.4987902708782737
audio_59.wav,2.91287904557074
audio_5.wav,2.108478756126307
audio_119.wav,4.234464394487881
audio_80.wav,3.489075353694364
audio_58.wav,2.6314238091459523
audio_123.wav,3.322731374039739
audio_188.wav,3.154006581512354
audio_121.wav,2.376347657857853
audio_107.wav,2.6416069221766905
audio_214.wav,3.541336577482141
audio_73.wav,4.996822779768602
audio_169.wav,3.516678259876244
audio_7.wav,3.0268131225326345
audio_42.wav,3.1287694988132175
audio_88.wav,4.630728395709957
audio_64.wav,2.18647878475868
audio_195.wav,2.4475931382718104
audio_57.wav,2.5786638554975543
audio_13.wav,2.9664781916929517
audio_125.wav,4.152137233607928
audio_209.wav,3.0483599655656897
audio_211.wav,2.786748852961565
audio_63.wav,2.3690747714411646
audio_86.wav,4.807730326207507
audio_78.wav,5.0
audio_38.wav,3.693868394992101
audio_186.wav,2.7425355768509085
audio_154.wav,3.97677089826876
audio_21.wav,2.147829153380414
audio_120.wav,2.486637923397876
audio_183.wav,2.6803471541270016
audio_25.wav,3.581586822365791
audio_122.wav,2.5114823089955016
audio_36.wav,3.849727072930496
audio_76.wav,5.0
audio_163.wav,2.5418312158513987
audio_83.wav,4.759348812966325
audio_103.wav,2.422449778070733
audio_93.wav,3.9999534344329417
audio_26.wav,3.3419372935692895
audio_72.wav,4.995608977024499
audio_210.wav,2.604485538280049
audio_104.wav,2.162069289498224
audio_81.wav,3.862950877058816
audio_166.wav,2.9002052491897268
audio_202.wav,3.0696884959104866
audio_185.wav,2.6268561603630673
audio_9.wav,1.8627087868690415
audio_207.wav,2.2307040903633952
audio_127.wav,3.112777494651835
audio_12.wav,2.9411258529948636
audio_132.wav,2.731439719227858
audio_109.wav,1.9954026565533887
audio_32.wav,3.3490763897331974
audio_178.wav,3.0830724339813753
audio_61.wav,2.512927467120116
audio_34.wav,3.830284427419981
audio_106.wav,1.8855560115079824
audio_49.wav,4.859546637827702
audio_149.wav,3.758050206732423
audio_30.wav,3.892315434426976
audio_131.wav,3.2021435859428617
audio_162.wav,1.681443938950062
audio_204.wav,3.488632906421065
audio_198.wav,3.3070817423388372
audio_135.wav,3.6969649144160472
audio_187.wav,3.121615097960952
audio_3.wav,2.9653230130753268
audio_98.wav,3.9097019263814383
audio_159.wav,3.279743991398156
audio_167.wav,2.1853147278915044
audio_205.wav,2.7128522471329894
audio_95.wav,3.318145176258495
audio_68.wav,4.944139443369137
audio_31.wav,3.903984377392615
audio_157.wav,2.8758059588544436
audio_89.wav,4.662956818648199
audio_82.wav,4.709601632692292
audio_53.wav,2.963269190792908
audio_37.wav,4.072864041603217
audio_113.wav,2.369854314575311
audio_85.wav,4.787282682258675
audio_173.wav,4.1878553254206805
audio_41.wav,4.700196519586288
audio_51.wav,2.7511259417169214
audio_143.wav,3.7281719801230917
audio_92.wav,4.357609273366405
audio_74.wav,4.996822779768602
audio_0.wav,3.8570931045596257
audio_147.wav,3.551062990090345
audio_130.wav,2.152703226046472
audio_192.wav,2.944715279153406
audio_43.wav,5.0
audio_65.wav,2.28075454735999
audio_14.wav,3.646065220945122
audio_117.wav,3.9837707510208302
audio_212.wav,2.209192943770166
audio_79.wav,3.7750708642044284
audio_171.wav,3.0210459834704917
audio_60.wav,2.3173777408720517
audio_153.wav,3.5491668357231476
audio_176.wav,3.0015284971472544
audio_2.wav,3.252669328295334
audio_50.wav,4.889583723178776
audio_29.wav,3.662047538785869
audio_142.wav,3.9079566234501053
audio_47.wav,3.8219109197148144
audio_84.wav,4.771853015292906
audio_164.wav,2.508924905135955
audio_48.wav,4.782317919150919
audio_189.wav,2.3841701691218145
audio_151.wav,3.6069037152086314
audio_66.wav,2.735973670000382
audio_44.wav,3.5314400808783337
audio_150.wav,3.437744347478266
audio_87.wav,4.766137026030296
audio_99.wav,3.4235253489962028
audio_62.wav,2.9505231030715406
audio_20.wav,2.3465778690225565
audio_124.wav,2.9098209981157686
audio_54.wav,2.9065580254490757
audio_45.wav,5.0
audio_71.wav,4.964871816195996
audio_184.wav,2.340049811139969
audio_24.wav,2.42510698672415
audio_140.wav,3.8264895528289182
audio_165.wav,2.557787874324442
audio_170.wav,2.6609838631602765
